Time - Dev2/ai0,Temperature - Dev2/ai0
11:08:09 AM,85.9
11:08:09 AM,85.5
11:08:09 AM,85.8
11:08:09 AM,85.1
11:08:09 AM,85.6
11:08:09 AM,85.8
11:08:09 AM,85.5
11:08:10 AM,84.7
11:08:10 AM,85.2
11:08:10 AM,85.9
11:08:10 AM,85.5
11:08:10 AM,85.4
11:08:10 AM,85.3
11:08:10 AM,84.8
11:08:10 AM,85
11:08:10 AM,86
11:08:10 AM,86.1
11:08:11 AM,85.6
11:08:11 AM,85.3
11:08:11 AM,85.1
11:08:11 AM,85.4
11:08:11 AM,85.4
11:08:11 AM,86.2
11:08:11 AM,85.3
11:08:11 AM,85.5
11:08:11 AM,84.9
11:08:11 AM,85.8
11:08:12 AM,85.4
11:08:12 AM,85.2
11:08:12 AM,85.8
11:08:12 AM,86
11:08:12 AM,85.3
11:08:12 AM,85.8
11:08:12 AM,85.9
11:08:12 AM,84.9
11:08:12 AM,86
11:08:12 AM,86.1
11:08:13 AM,86.5
11:08:13 AM,85.8
11:08:13 AM,85.8
11:08:13 AM,85.8
11:08:13 AM,85.5
11:08:13 AM,85.5
11:08:13 AM,85.4
11:08:13 AM,85.5
11:08:13 AM,85.5
11:08:13 AM,85.9
11:08:14 AM,86
11:08:14 AM,85
11:08:14 AM,85
11:08:14 AM,85.6
11:08:14 AM,85.7
11:08:14 AM,85.4
11:08:14 AM,85.3
11:08:14 AM,86.1
11:08:14 AM,85.6
11:08:14 AM,86
11:08:15 AM,85.1
11:08:15 AM,85.4
11:08:15 AM,85.6
11:08:15 AM,86.1
11:08:15 AM,85.2
11:08:15 AM,85.5
11:08:15 AM,85.8
11:08:15 AM,85.1
11:08:15 AM,85.9
11:08:15 AM,85.4
11:08:16 AM,85.9
11:08:16 AM,85.7
11:08:16 AM,86.1
11:08:16 AM,84.1
11:08:16 AM,86.1
11:08:16 AM,85.4
11:08:16 AM,85.4
11:08:16 AM,85.8
11:08:16 AM,85.6
11:08:16 AM,86.1
11:08:17 AM,86.4
11:08:17 AM,86.5
11:08:17 AM,86.3
11:08:17 AM,86
11:08:17 AM,86
11:08:17 AM,85.7
11:08:17 AM,86.1
11:08:17 AM,86.3
11:08:17 AM,85.8
11:08:17 AM,85.1
11:08:18 AM,86.1
11:08:18 AM,85.5
11:08:18 AM,86.4
11:08:18 AM,85.3
11:08:18 AM,85.3
11:08:18 AM,86.4
11:08:18 AM,85.4
11:08:18 AM,85.9
11:08:18 AM,85.3
11:08:18 AM,84.5
11:08:19 AM,85.2
11:08:19 AM,86.3
11:08:19 AM,84.8
11:08:19 AM,85.8
11:08:19 AM,85.8
11:08:19 AM,86.3
11:08:19 AM,86.1
11:08:19 AM,85.4
11:08:19 AM,85.2
11:08:19 AM,85.6
11:08:20 AM,86.4
11:08:20 AM,85.6
11:08:20 AM,85.4
11:08:20 AM,84.8
11:08:20 AM,84.8
11:08:20 AM,85.7
11:08:20 AM,85.6
11:08:20 AM,86.1
11:08:20 AM,86.1
11:08:20 AM,86.1
11:08:21 AM,86.1
11:08:21 AM,86
11:08:21 AM,85.7
11:08:21 AM,87.5
11:08:21 AM,86.4
11:08:21 AM,85.9
11:08:21 AM,85.2
11:08:21 AM,85.4
11:08:21 AM,86.2
11:08:21 AM,86.1
11:08:22 AM,85.1
11:08:22 AM,85.4
11:08:22 AM,85.4
11:08:22 AM,85.8
11:08:22 AM,85
11:08:22 AM,85.5
11:08:22 AM,84.6
11:08:22 AM,86.1
11:08:22 AM,85.1
11:08:22 AM,85.6
11:08:23 AM,85
11:08:23 AM,85.9
11:08:23 AM,84.7
11:08:23 AM,85.2
11:08:23 AM,85.4
11:08:23 AM,85.5
11:08:23 AM,86.1
11:08:23 AM,85.4
11:08:23 AM,85.9
11:08:23 AM,85.4
11:08:24 AM,85.6
11:08:24 AM,86.1
11:08:24 AM,85.1
11:08:24 AM,85.9
11:08:24 AM,85.9
11:08:24 AM,85.8
11:08:24 AM,85.1
11:08:24 AM,84.6
11:08:24 AM,85.5
11:08:24 AM,85.4
11:08:25 AM,86.7
11:08:25 AM,87
11:08:25 AM,85.4
11:08:25 AM,85.1
11:08:25 AM,84.7
11:08:25 AM,85.8
11:08:25 AM,85.4
11:08:25 AM,86.6
11:08:25 AM,85.5
11:08:25 AM,85.8
11:08:26 AM,85.6
11:08:26 AM,85.2
11:08:26 AM,85.8
11:08:26 AM,85.3
11:08:26 AM,86.1
11:08:26 AM,86.1
11:08:26 AM,84.8
11:08:26 AM,85.4
11:08:26 AM,86.1
11:08:26 AM,85.1
11:08:27 AM,84.5
11:08:27 AM,86.5
11:08:27 AM,84.8
11:08:27 AM,87.6
11:08:27 AM,85.9
11:08:27 AM,85.4
11:08:27 AM,85.8
11:08:27 AM,84.9
11:08:27 AM,85.6
11:08:27 AM,85.8
11:08:28 AM,84.9
11:08:28 AM,85.4
11:08:28 AM,85.8
11:08:28 AM,85
11:08:28 AM,85.6
11:08:28 AM,85.4
11:08:28 AM,84.7
11:08:28 AM,85.4
11:08:28 AM,86
11:08:28 AM,85.4
11:08:29 AM,85.5
11:08:29 AM,85.2
11:08:29 AM,86.6
11:08:29 AM,86.2
11:08:29 AM,86.7
11:08:29 AM,86.4
11:08:29 AM,85.9
11:08:29 AM,85.6
11:08:29 AM,85
11:08:29 AM,86.7
11:08:30 AM,86
11:08:30 AM,84.8
11:08:30 AM,85.5
11:08:30 AM,84.6
11:08:30 AM,85.5
11:08:30 AM,85.7
11:08:30 AM,85.7
11:08:30 AM,85.5
11:08:30 AM,85.4
11:08:30 AM,85.6
11:08:31 AM,85.2
11:08:31 AM,85.3
11:08:31 AM,85
11:08:31 AM,85.8
11:08:31 AM,85.8
11:08:31 AM,85.1
11:08:31 AM,85.4
11:08:31 AM,86.4
11:08:31 AM,85.1
11:08:31 AM,84.6
11:08:32 AM,85.5
11:08:32 AM,85
11:08:32 AM,84.8
11:08:32 AM,85.1
11:08:32 AM,86.1
11:08:32 AM,85.9
11:08:32 AM,85.7
11:08:32 AM,85.1
11:08:32 AM,85.8
11:08:32 AM,86
11:08:33 AM,85.3
11:08:33 AM,85.9
11:08:33 AM,86.4
11:08:33 AM,86.6
11:08:33 AM,86.6
11:08:33 AM,86.1
11:08:33 AM,84.6
11:08:33 AM,86.3
11:08:33 AM,85.9
11:08:33 AM,85.8
11:08:34 AM,85.8
11:08:34 AM,85.7
11:08:34 AM,86.1
11:08:34 AM,85
11:08:34 AM,85.4
11:08:34 AM,85.8
11:08:34 AM,85.1
11:08:34 AM,85.8
11:08:34 AM,85.4
11:08:34 AM,85
11:08:35 AM,84.7
11:08:35 AM,85
11:08:35 AM,85.8
11:08:35 AM,85.7
11:08:35 AM,85.4
11:08:35 AM,85.9
11:08:35 AM,86.5
11:08:35 AM,85.5
11:08:35 AM,85
11:08:35 AM,86.5
11:08:36 AM,84.8
11:08:36 AM,86.1
11:08:36 AM,85
11:08:36 AM,84.8
11:08:36 AM,85.9
11:08:36 AM,85.2
11:08:36 AM,85.1
11:08:36 AM,84.6
11:08:36 AM,85.3
11:08:36 AM,85.6
11:08:37 AM,84.8
11:08:37 AM,86.5
11:08:37 AM,86.3
11:08:37 AM,86.5
11:08:37 AM,85.6
11:08:37 AM,86.5
11:08:37 AM,86.1
11:08:37 AM,86.8
11:08:37 AM,85.5
11:08:37 AM,86.1
11:08:38 AM,86.4
11:08:38 AM,85.1
11:08:38 AM,85.1
11:08:38 AM,86.1
11:08:38 AM,85.4
11:08:38 AM,85.2
11:08:38 AM,84.5
11:08:38 AM,85.6
11:08:38 AM,86.3
11:08:38 AM,85.1
11:08:39 AM,85.8
11:08:39 AM,84.8
11:08:39 AM,85.7
11:08:39 AM,84.6
11:08:39 AM,85.1
11:08:39 AM,85.4
11:08:39 AM,84.7
11:08:39 AM,85.1
11:08:39 AM,85.4
11:08:39 AM,85.2
11:08:40 AM,85.2
11:08:40 AM,85.6
11:08:40 AM,85.9
11:08:40 AM,85.3
11:08:40 AM,85.1
11:08:40 AM,84.8
11:08:40 AM,85.9
11:08:40 AM,85.4
11:08:40 AM,85.2
11:08:40 AM,85.4
11:08:41 AM,85.5
11:08:41 AM,86.5
11:08:41 AM,85.8
11:08:41 AM,85.3
11:08:41 AM,85.6
11:08:41 AM,86.2
11:08:41 AM,85.5
11:08:41 AM,85.7
11:08:41 AM,86.8
11:08:41 AM,86.1
11:08:42 AM,86.2
11:08:42 AM,86.2
11:08:42 AM,85.7
11:08:42 AM,85.4
11:08:42 AM,85.8
11:08:42 AM,85.6
11:08:42 AM,86.1
11:08:42 AM,84.8
11:08:42 AM,84.8
11:08:42 AM,85.8
11:08:43 AM,84.3
11:08:43 AM,85.1
11:08:43 AM,86.3
11:08:43 AM,85.9
11:08:43 AM,85.1
11:08:43 AM,85.2
11:08:43 AM,85.5
11:08:43 AM,85.5
11:08:43 AM,84.6
11:08:43 AM,86.3
11:08:44 AM,86.5
11:08:44 AM,85.2
11:08:44 AM,85.1
11:08:44 AM,85.4
11:08:44 AM,84.5
11:08:44 AM,84.8
11:08:44 AM,84.6
11:08:44 AM,86.1
11:08:44 AM,83.4
11:08:44 AM,85.8
11:08:45 AM,85.3
11:08:45 AM,85.3
11:08:45 AM,84.8
11:08:45 AM,85.2
11:08:45 AM,85.9
11:08:45 AM,85.3
11:08:45 AM,85.8
11:08:45 AM,85.9
11:08:45 AM,85.1
11:08:45 AM,86.1
11:08:46 AM,85.7
11:08:46 AM,85.6
11:08:46 AM,86.1
11:08:46 AM,86
11:08:46 AM,85.2
11:08:46 AM,85.8
11:08:46 AM,85.2
11:08:46 AM,85.5
11:08:46 AM,85.9
11:08:46 AM,85.3
11:08:47 AM,85.4
11:08:47 AM,86.5
11:08:47 AM,85.1
11:08:47 AM,85.1
11:08:47 AM,84
11:08:47 AM,85.3
11:08:47 AM,85.6
11:08:47 AM,84.5
11:08:47 AM,85.4
11:08:47 AM,85.1
11:08:48 AM,84.6
11:08:48 AM,85.5
11:08:48 AM,85.3
11:08:48 AM,84.5
11:08:48 AM,84.2
11:08:48 AM,84.8
11:08:48 AM,85.6
11:08:48 AM,85.3
11:08:48 AM,84.8
11:08:48 AM,85.3
11:08:49 AM,86.3
11:08:49 AM,85.1
11:08:49 AM,85.7
11:08:49 AM,86.1
11:08:49 AM,85.8
11:08:49 AM,86
11:08:49 AM,85.6
11:08:49 AM,85.8
11:08:49 AM,85.7
11:08:49 AM,86.3
11:08:50 AM,85.4
11:08:50 AM,86.3
11:08:50 AM,86.2
11:08:50 AM,86.2
11:08:50 AM,85.8
11:08:50 AM,85.6
11:08:50 AM,85.5
11:08:50 AM,85.7
11:08:50 AM,84.4
11:08:50 AM,85.9
11:08:51 AM,85.6
11:08:51 AM,85.6
11:08:51 AM,84.9
11:08:51 AM,85.1
11:08:51 AM,85.2
11:08:51 AM,85.2
11:08:51 AM,84.7
11:08:51 AM,86.2
11:08:51 AM,84.8
11:08:51 AM,85.4
11:08:52 AM,85.8
11:08:52 AM,84.7
11:08:52 AM,85.9
11:08:52 AM,86.2
11:08:52 AM,84.3
11:08:52 AM,85.9
11:08:52 AM,85.6
11:08:52 AM,84.5
11:08:52 AM,85.2
11:08:52 AM,85.2
11:08:53 AM,85.1
11:08:53 AM,85.7
11:08:53 AM,85.4
11:08:53 AM,85.4
11:08:53 AM,86.9
11:08:53 AM,86.5
11:08:53 AM,85.6
11:08:53 AM,85.4
11:08:53 AM,86.1
11:08:53 AM,85.8
11:08:54 AM,85.8
11:08:54 AM,86
11:08:54 AM,85.6
11:08:54 AM,85.2
11:08:54 AM,86.1
11:08:54 AM,85.8
11:08:54 AM,86.2
11:08:54 AM,86.1
11:08:54 AM,85.2
11:08:54 AM,85.7
11:08:55 AM,86.1
11:08:55 AM,85.2
11:08:55 AM,84.3
11:08:55 AM,84.8
11:08:55 AM,85.4
11:08:55 AM,85.6
11:08:55 AM,84.4
11:08:55 AM,85.4
11:08:55 AM,84.9
11:08:55 AM,85.9
11:08:56 AM,85.3
11:08:56 AM,85.7
11:08:56 AM,86.1
11:08:56 AM,85.9
11:08:56 AM,85.3
11:08:56 AM,85.1
11:08:56 AM,85.5
11:08:56 AM,85.2
11:08:56 AM,85.6
11:08:56 AM,85.4
11:08:57 AM,85.3
11:08:57 AM,85.3
11:08:57 AM,85.7
11:08:57 AM,85.5
11:08:57 AM,85.1
11:08:57 AM,85.3
11:08:57 AM,85.6
11:08:57 AM,85.5
11:08:57 AM,84.7
11:08:57 AM,86.1
11:08:58 AM,86.5
11:08:58 AM,86.1
11:08:58 AM,86.1
11:08:58 AM,86.1
11:08:58 AM,86.3
11:08:58 AM,85.4
11:08:58 AM,85.9
11:08:58 AM,85.9
11:08:58 AM,85.8
11:08:58 AM,85.1
11:08:59 AM,85.8
11:08:59 AM,86
11:08:59 AM,85.8
11:08:59 AM,86.1
11:08:59 AM,85.5
11:08:59 AM,86.1
11:08:59 AM,85.6
11:08:59 AM,85.1
11:08:59 AM,85.2
11:08:59 AM,85.4
11:09:00 AM,85.4
11:09:00 AM,84.9
11:09:00 AM,85.6
11:09:00 AM,84
11:09:00 AM,85.4
11:09:00 AM,85.4
11:09:00 AM,84.7
11:09:00 AM,84.8
11:09:00 AM,85.7
11:09:00 AM,86.5
11:09:01 AM,85.4
11:09:01 AM,86.5
11:09:01 AM,85.4
11:09:01 AM,85.2
11:09:01 AM,86.3
11:09:01 AM,86.1
11:09:01 AM,85.2
11:09:01 AM,85.8
11:09:01 AM,86.2
11:09:01 AM,86.8
11:09:02 AM,86.8
11:09:02 AM,86
11:09:02 AM,86.5
11:09:02 AM,85.8
11:09:02 AM,86
11:09:02 AM,85.9
11:09:02 AM,85.4
11:09:02 AM,85.8
11:09:02 AM,85.6
11:09:02 AM,85.5
11:09:03 AM,86.4
11:09:03 AM,85.6
11:09:03 AM,86.6
11:09:03 AM,85.4
11:09:03 AM,84.2
11:09:03 AM,84.4
11:09:03 AM,86.1
11:09:03 AM,85.8
11:09:03 AM,85.2
11:09:03 AM,85.4
11:09:04 AM,84.8
11:09:04 AM,84.5
11:09:04 AM,85.8
11:09:04 AM,85.4
11:09:04 AM,84.4
11:09:04 AM,84.9
11:09:04 AM,85.4
11:09:04 AM,85.5
11:09:04 AM,85.6
11:09:04 AM,85
11:09:05 AM,86.4
11:09:05 AM,84.8
11:09:05 AM,86.1
11:09:05 AM,84.3
11:09:05 AM,85.2
11:09:05 AM,86.2
11:09:05 AM,85.2
11:09:05 AM,84.4
11:09:05 AM,85.8
11:09:05 AM,85.5
11:09:06 AM,85.3
11:09:06 AM,86
11:09:06 AM,86
11:09:06 AM,86.1
11:09:06 AM,85.1
11:09:06 AM,86.8
11:09:06 AM,86.1
11:09:06 AM,86
11:09:06 AM,86.2
11:09:06 AM,84.6
11:09:07 AM,85.9
11:09:07 AM,84.9
11:09:07 AM,86.1
11:09:07 AM,85.4
11:09:07 AM,85.2
11:09:07 AM,86.5
11:09:07 AM,85.1
11:09:07 AM,85.4
11:09:07 AM,85.1
11:09:07 AM,85.8
11:09:08 AM,85.8
11:09:08 AM,86.5
11:09:08 AM,85.8
11:09:08 AM,85.2
11:09:08 AM,85.2
11:09:08 AM,85.4
11:09:08 AM,85.4
11:09:08 AM,85.6
11:09:08 AM,85.1
11:09:08 AM,85.3
11:09:09 AM,84.5
11:09:09 AM,86.1
11:09:09 AM,85.5
11:09:09 AM,85.5
11:09:09 AM,87.2
11:09:09 AM,85.7
11:09:09 AM,86.1
11:09:09 AM,85.8
11:09:09 AM,85.7
11:09:09 AM,86.6
11:09:10 AM,85.8
11:09:10 AM,86.5
11:09:10 AM,85.9
11:09:10 AM,86.8
11:09:10 AM,86.2
11:09:10 AM,85.7
11:09:10 AM,86.1
11:09:10 AM,86
11:09:10 AM,86.8
11:09:10 AM,85.2
11:09:11 AM,85.4
11:09:11 AM,86.2
11:09:11 AM,87.2
11:09:11 AM,85.3
11:09:11 AM,86.1
11:09:11 AM,86
11:09:11 AM,85.7
11:09:11 AM,85.1
11:09:11 AM,85.5
11:09:11 AM,85.2
11:09:12 AM,85.7
11:09:12 AM,86
11:09:12 AM,85.8
11:09:12 AM,84.3
11:09:12 AM,85.3
11:09:12 AM,85.1
11:09:12 AM,84.6
11:09:12 AM,85.2
11:09:12 AM,85.7
11:09:12 AM,85.4
11:09:13 AM,85.4
11:09:13 AM,85.5
11:09:13 AM,85.9
11:09:13 AM,85
11:09:13 AM,85.2
11:09:13 AM,85.6
11:09:13 AM,86.1
11:09:13 AM,85.4
11:09:13 AM,85.8
11:09:13 AM,85.4
11:09:14 AM,85.9
11:09:14 AM,85.6
11:09:14 AM,85.9
11:09:14 AM,86.6
11:09:14 AM,86.6
11:09:14 AM,85.5
11:09:14 AM,85.8
11:09:14 AM,86.5
11:09:14 AM,86
11:09:14 AM,85.8
11:09:15 AM,85
11:09:15 AM,85.8
11:09:15 AM,85.7
11:09:15 AM,85.5
11:09:15 AM,85.7
11:09:15 AM,84.9
11:09:15 AM,85.8
11:09:15 AM,85.7
11:09:15 AM,86
11:09:15 AM,85.8
11:09:16 AM,85.8
11:09:16 AM,85.6
11:09:16 AM,85
11:09:16 AM,84.9
11:09:16 AM,85
11:09:16 AM,86.1
11:09:16 AM,85
11:09:16 AM,85.6
11:09:16 AM,85
11:09:16 AM,85.1
11:09:17 AM,84.6
11:09:17 AM,85.1
11:09:17 AM,85.3
11:09:17 AM,85.1
11:09:17 AM,84.5
11:09:17 AM,84.4
11:09:17 AM,85
11:09:17 AM,86.2
11:09:17 AM,85.1
11:09:17 AM,84.6
11:09:18 AM,85.4
11:09:18 AM,84.4
11:09:18 AM,85.2
11:09:18 AM,84.6
11:09:18 AM,85.6
11:09:18 AM,86
11:09:18 AM,85.8
11:09:18 AM,85.4
11:09:18 AM,85
11:09:18 AM,85.8
11:09:19 AM,85.4
11:09:19 AM,84.8
11:09:19 AM,84.4
11:09:19 AM,85
11:09:19 AM,84.1
11:09:19 AM,84.3
11:09:19 AM,84.5
11:09:19 AM,84
11:09:19 AM,83.1
11:09:19 AM,83.1
11:09:20 AM,83.1
11:09:20 AM,82.4
11:09:20 AM,82
11:09:20 AM,80.9
11:09:20 AM,80.8
11:09:20 AM,81
11:09:20 AM,80.7
11:09:20 AM,79.7
11:09:20 AM,80
11:09:20 AM,79.6
11:09:21 AM,78.2
11:09:21 AM,78.6
11:09:21 AM,78.1
11:09:21 AM,77.7
11:09:21 AM,77.1
11:09:21 AM,77
11:09:21 AM,75.7
11:09:21 AM,75.6
11:09:21 AM,75.1
11:09:21 AM,75.9
11:09:22 AM,74.6
11:09:22 AM,74.6
11:09:22 AM,73.9
11:09:22 AM,73.5
11:09:22 AM,74.2
11:09:22 AM,71.9
11:09:22 AM,73.2
11:09:22 AM,72.3
11:09:22 AM,71.9
11:09:22 AM,71.7
11:09:23 AM,71.7
11:09:23 AM,70.5
11:09:23 AM,70.9
11:09:23 AM,70.1
11:09:23 AM,69.6
11:09:23 AM,69.3
11:09:23 AM,69.1
11:09:23 AM,68.1
11:09:23 AM,69.3
11:09:23 AM,68.5
11:09:24 AM,67.8
11:09:24 AM,68.1
11:09:24 AM,67.3
11:09:24 AM,67.6
11:09:24 AM,66.6
11:09:24 AM,65.9
11:09:24 AM,66.5
11:09:24 AM,65.9
11:09:24 AM,66
11:09:24 AM,65.1
11:09:25 AM,65.7
11:09:25 AM,64.7
11:09:25 AM,64.7
11:09:25 AM,64.3
11:09:25 AM,64.1
11:09:25 AM,64
11:09:25 AM,63.3
11:09:25 AM,62.9
11:09:25 AM,63.1
11:09:25 AM,63.3
11:09:26 AM,63
11:09:26 AM,62.7
11:09:26 AM,62.7
11:09:26 AM,62.6
11:09:26 AM,62
11:09:26 AM,62.3
11:09:26 AM,62
11:09:26 AM,60.9
11:09:26 AM,61.5
11:09:26 AM,61.1
11:09:27 AM,61.5
11:09:27 AM,60.6
11:09:27 AM,60.4
11:09:27 AM,59.6
11:09:27 AM,59.2
11:09:27 AM,58.5
11:09:27 AM,58.8
11:09:27 AM,58.4
11:09:27 AM,58.7
11:09:27 AM,58.5
11:09:28 AM,58.3
11:09:28 AM,58.2
11:09:28 AM,57.2
11:09:28 AM,56.9
11:09:28 AM,57.5
11:09:28 AM,58.8
11:09:28 AM,56.6
11:09:28 AM,56.2
11:09:28 AM,56.8
11:09:28 AM,55.6
11:09:29 AM,56.1
11:09:29 AM,56
11:09:29 AM,56.7
11:09:29 AM,55.9
11:09:29 AM,55.4
11:09:29 AM,55.6
11:09:29 AM,54.4
11:09:29 AM,54.7
11:09:29 AM,53.5
11:09:29 AM,54
11:09:30 AM,54.7
11:09:30 AM,53.3
11:09:30 AM,54.2
11:09:30 AM,54.2
11:09:30 AM,53.8
11:09:30 AM,53.4
11:09:30 AM,54.2
11:09:30 AM,53.9
11:09:30 AM,53.7
11:09:30 AM,53.8
11:09:31 AM,53.2
11:09:31 AM,54.3
11:09:31 AM,53.1
11:09:31 AM,52.6
11:09:31 AM,52.3
11:09:31 AM,52.3
11:09:31 AM,52.1
11:09:31 AM,51.6
11:09:31 AM,51.8
11:09:31 AM,51.2
11:09:32 AM,50.4
11:09:32 AM,50.7
11:09:32 AM,50.9
11:09:32 AM,50.8
11:09:32 AM,50.2
11:09:32 AM,49.5
11:09:32 AM,49.3
11:09:32 AM,49.5
11:09:32 AM,49.8
11:09:32 AM,49.3
11:09:33 AM,49.1
11:09:33 AM,48.7
11:09:33 AM,49.5
11:09:33 AM,49.5
11:09:33 AM,48.1
11:09:33 AM,47.9
11:09:33 AM,48.5
11:09:33 AM,47.9
11:09:33 AM,48.1
11:09:33 AM,47.3
11:09:34 AM,48.2
11:09:34 AM,48.4
11:09:34 AM,46.6
11:09:34 AM,47.3
11:09:34 AM,47.3
11:09:34 AM,48.1
11:09:34 AM,47.1
11:09:34 AM,47.1
11:09:34 AM,47.7
11:09:34 AM,47.1
11:09:35 AM,47
11:09:35 AM,46.2
11:09:35 AM,46.5
11:09:35 AM,45.9
11:09:35 AM,46.3
11:09:35 AM,44.8
11:09:35 AM,45.6
11:09:35 AM,45.4
11:09:35 AM,43.9
11:09:35 AM,45.2
11:09:36 AM,44.5
11:09:36 AM,44.8
11:09:36 AM,44.6
11:09:36 AM,44.3
11:09:36 AM,44.5
11:09:36 AM,43.4
11:09:36 AM,44.2
11:09:36 AM,43.6
11:09:36 AM,43.7
11:09:36 AM,43.7
11:09:37 AM,43
11:09:37 AM,42.7
11:09:37 AM,43.6
11:09:37 AM,43.1
11:09:37 AM,42.5
11:09:37 AM,42.4
11:09:37 AM,43.4
11:09:37 AM,42.6
11:09:37 AM,42.1
11:09:37 AM,42.5
11:09:38 AM,42.1
11:09:38 AM,41.7
11:09:38 AM,40.9
11:09:38 AM,42.7
11:09:38 AM,41.8
11:09:38 AM,41.2
11:09:38 AM,41.5
11:09:38 AM,42.2
11:09:38 AM,41.3
11:09:38 AM,41.4
11:09:39 AM,41.6
11:09:39 AM,41.6
11:09:39 AM,40.9
11:09:39 AM,40.5
11:09:39 AM,41.3
11:09:39 AM,40
11:09:39 AM,40.5
11:09:39 AM,40.2
11:09:39 AM,40.6
11:09:39 AM,39.4
11:09:40 AM,40.1
11:09:40 AM,40.7
11:09:40 AM,40.4
11:09:40 AM,39.8
11:09:40 AM,38.7
11:09:40 AM,39
11:09:40 AM,38.7
11:09:40 AM,39
11:09:40 AM,39.7
11:09:40 AM,38.5
11:09:41 AM,38.4
11:09:41 AM,38.7
11:09:41 AM,39
11:09:41 AM,38.3
11:09:41 AM,39
11:09:41 AM,37.9
11:09:41 AM,37.8
11:09:41 AM,37.8
11:09:41 AM,38.1
11:09:41 AM,37.6
11:09:42 AM,37.3
11:09:42 AM,37.2
11:09:42 AM,37.8
11:09:42 AM,36.7
11:09:42 AM,37.4
11:09:42 AM,37.5
11:09:42 AM,36.8
11:09:42 AM,36.8
11:09:42 AM,37.7
11:09:42 AM,36.9
11:09:43 AM,38
11:09:43 AM,37.7
11:09:43 AM,37.3
11:09:43 AM,37.1
11:09:43 AM,36.7
11:09:43 AM,36.5
11:09:43 AM,36.5
11:09:43 AM,36.3
11:09:43 AM,35.7
11:09:43 AM,35.5
11:09:44 AM,35.4
11:09:44 AM,35.1
11:09:44 AM,35.4
11:09:44 AM,35.9
11:09:44 AM,34.7
11:09:44 AM,34.9
11:09:44 AM,35.5
11:09:44 AM,35
11:09:44 AM,34.7
11:09:44 AM,34.2
11:09:45 AM,34.3
11:09:45 AM,34.7
11:09:45 AM,34.6
11:09:45 AM,35.3
11:09:45 AM,35
11:09:45 AM,33.9
11:09:45 AM,33
11:09:45 AM,33.3
11:09:45 AM,33.6
11:09:45 AM,34.3
11:09:46 AM,33.7
11:09:46 AM,33.5
11:09:46 AM,33.4
11:09:46 AM,33.9
11:09:46 AM,33.6
11:09:46 AM,33.3
11:09:46 AM,33.1
11:09:46 AM,33.6
11:09:46 AM,32.7
11:09:46 AM,33.9
11:09:47 AM,34
11:09:47 AM,33.1
11:09:47 AM,32.8
11:09:47 AM,33.8
11:09:47 AM,32.7
11:09:47 AM,32.5
11:09:47 AM,32.5
11:09:47 AM,33.1
11:09:47 AM,31.8
11:09:47 AM,31.7
11:09:48 AM,32.7
11:09:48 AM,32
11:09:48 AM,31
11:09:48 AM,31.9
11:09:48 AM,31.6
11:09:48 AM,30.9
11:09:48 AM,31.8
11:09:48 AM,31.6
11:09:48 AM,31.1
11:09:48 AM,31.6
11:09:49 AM,30.3
11:09:49 AM,31.2
11:09:49 AM,30.8
11:09:49 AM,31
11:09:49 AM,31
11:09:49 AM,31.1
11:09:49 AM,30.8
11:09:49 AM,30.8
11:09:49 AM,31.5
11:09:49 AM,30
11:09:50 AM,30.2
11:09:50 AM,30.9
11:09:50 AM,29.5
11:09:50 AM,30
11:09:50 AM,30.1
11:09:50 AM,29.3
11:09:50 AM,29.5
11:09:50 AM,29.7
11:09:50 AM,29.5
11:09:50 AM,29.1
11:09:51 AM,30.1
11:09:51 AM,30.2
11:09:51 AM,28.9
11:09:51 AM,30.1
11:09:51 AM,29.7
11:09:51 AM,30.1
11:09:51 AM,30
11:09:51 AM,29.9
11:09:51 AM,29.3
11:09:51 AM,29.8
11:09:52 AM,28.5
11:09:52 AM,29
11:09:52 AM,28.5
11:09:52 AM,29.2
11:09:52 AM,29.4
11:09:52 AM,28.7
11:09:52 AM,28.5
11:09:52 AM,28
11:09:52 AM,27.8
11:09:52 AM,27.8
11:09:53 AM,28.2
11:09:53 AM,28.2
11:09:53 AM,28
11:09:53 AM,27
11:09:53 AM,27.9
11:09:53 AM,27.4
11:09:53 AM,27.9
11:09:53 AM,28.2
11:09:53 AM,27.7
11:09:53 AM,27.2
11:09:54 AM,27.6
11:09:54 AM,27.6
11:09:54 AM,27
11:09:54 AM,27.4
11:09:54 AM,27.9
11:09:54 AM,27.2
11:09:54 AM,27.1
11:09:54 AM,27
11:09:54 AM,27.3
11:09:54 AM,27.2
11:09:55 AM,27
11:09:55 AM,27.2
11:09:55 AM,27.3
11:09:55 AM,27.5
11:09:55 AM,27.3
11:09:55 AM,27.7
11:09:55 AM,27.7
11:09:55 AM,27.1
11:09:55 AM,26.3
11:09:55 AM,26.9
11:09:56 AM,27
11:09:56 AM,26.8
11:09:56 AM,25.8
11:09:56 AM,27
11:09:56 AM,25.8
11:09:56 AM,26.2
11:09:56 AM,25.3
11:09:56 AM,26.2
11:09:56 AM,25.8
11:09:56 AM,25.5
11:09:57 AM,26.2
11:09:57 AM,25.4
11:09:57 AM,25.2
11:09:57 AM,25.1
11:09:57 AM,24.9
11:09:57 AM,25.6
11:09:57 AM,25.2
11:09:57 AM,25.4
11:09:57 AM,25.2
11:09:57 AM,25.9
11:09:58 AM,25.6
11:09:58 AM,24.9
11:09:58 AM,24.3
11:09:58 AM,25
11:09:58 AM,24.9
11:09:58 AM,25.1
11:09:58 AM,24.5
11:09:58 AM,25.6
11:09:58 AM,24.8
11:09:58 AM,24.4
11:09:59 AM,25
11:09:59 AM,24.4
11:09:59 AM,25
11:09:59 AM,24.9
11:09:59 AM,23.9
11:09:59 AM,24.6
11:09:59 AM,24.9
11:09:59 AM,25
11:09:59 AM,25.1
11:09:59 AM,24.7
11:10:00 AM,24.9
11:10:00 AM,24
11:10:00 AM,22.9
11:10:00 AM,23.9
11:10:00 AM,24.1
11:10:00 AM,23.5
11:10:00 AM,23.2
11:10:00 AM,23.5
11:10:00 AM,23.8
11:10:00 AM,23.6
11:10:01 AM,23.9
11:10:01 AM,23.1
11:10:01 AM,23.1
11:10:01 AM,23.3
11:10:01 AM,23.3
11:10:01 AM,23.1
11:10:01 AM,23.4
11:10:01 AM,22.6
11:10:01 AM,22.9
11:10:01 AM,22.6
11:10:02 AM,23
11:10:02 AM,22.5
11:10:02 AM,22.9
11:10:02 AM,23
11:10:02 AM,22.7
11:10:02 AM,22.5
11:10:02 AM,22.1
11:10:02 AM,22.4
11:10:02 AM,23.5
11:10:02 AM,22.4
11:10:03 AM,22.9
11:10:03 AM,22.2
11:10:03 AM,23.1
11:10:03 AM,22.3
11:10:03 AM,23.1
11:10:03 AM,23.1
11:10:03 AM,22.1
11:10:03 AM,22.4
11:10:03 AM,23.5
11:10:03 AM,23.2
11:10:04 AM,22.6
11:10:04 AM,22.6
11:10:04 AM,22
11:10:04 AM,22
11:10:04 AM,22.2
11:10:04 AM,21.6
11:10:04 AM,21.9
11:10:04 AM,20.7
11:10:04 AM,21.3
11:10:04 AM,21.9
11:10:05 AM,21.5
11:10:05 AM,22.2
11:10:05 AM,21.5
11:10:05 AM,21.3
11:10:05 AM,21.4
11:10:05 AM,21.3
11:10:05 AM,20.7
11:10:05 AM,20.6
11:10:05 AM,21.1
11:10:05 AM,21.6
11:10:06 AM,21.1
11:10:06 AM,20.9
11:10:06 AM,20.5
11:10:06 AM,20.5
11:10:06 AM,20.5
11:10:06 AM,21
11:10:06 AM,20.7
11:10:06 AM,20.4
11:10:06 AM,20.2
11:10:06 AM,20.4
11:10:07 AM,20.4
11:10:07 AM,20.3
11:10:07 AM,21.7
11:10:07 AM,20.7
11:10:07 AM,20.3
11:10:07 AM,20.7
11:10:07 AM,20.8
11:10:07 AM,20.3
11:10:07 AM,20.7
11:10:07 AM,20.4
11:10:08 AM,20.6
11:10:08 AM,20.9
11:10:08 AM,20
11:10:08 AM,21.3
11:10:08 AM,20
11:10:08 AM,20.3
11:10:08 AM,20.1
11:10:08 AM,20.5
11:10:08 AM,19.9
11:10:08 AM,19.8
11:10:09 AM,19
11:10:09 AM,19.8
11:10:09 AM,18.9
11:10:09 AM,19.5
11:10:09 AM,19.4
11:10:09 AM,19.9
11:10:09 AM,20.7
11:10:09 AM,18.8
11:10:09 AM,20
11:10:09 AM,19.4
11:10:10 AM,18.8
11:10:10 AM,19.6
11:10:10 AM,19
11:10:10 AM,19.1
11:10:10 AM,19.1
11:10:10 AM,19.1
11:10:10 AM,19.1
11:10:10 AM,19.2
11:10:10 AM,18.9
11:10:10 AM,18.6
11:10:11 AM,18.7
11:10:11 AM,18.7
11:10:11 AM,18.8
11:10:11 AM,18.9
11:10:11 AM,20.3
11:10:11 AM,18.8
11:10:11 AM,19.6
11:10:11 AM,19.5
11:10:11 AM,19.9
11:10:11 AM,18.9
11:10:12 AM,18.8
11:10:12 AM,19.4
11:10:12 AM,19.4
11:10:12 AM,18
11:10:12 AM,18.9
11:10:12 AM,18.5
11:10:12 AM,19.1
11:10:12 AM,18.7
11:10:12 AM,18.3
11:10:12 AM,17.7
11:10:13 AM,17.9
11:10:13 AM,18.3
11:10:13 AM,19.4
11:10:13 AM,18.3
11:10:13 AM,18.7
11:10:13 AM,18.8
11:10:13 AM,17.9
11:10:13 AM,17.9
11:10:13 AM,17.9
11:10:13 AM,17.7
11:10:14 AM,17.9
11:10:14 AM,18
11:10:14 AM,17.5
11:10:14 AM,17.5
11:10:14 AM,18.3
11:10:14 AM,17.9
11:10:14 AM,18.6
11:10:14 AM,17.4
11:10:14 AM,17.3
11:10:14 AM,17.6
11:10:15 AM,16.7
11:10:15 AM,16.9
11:10:15 AM,17.6
11:10:15 AM,17.3
11:10:15 AM,17.6
11:10:15 AM,16.8
11:10:15 AM,18.3
11:10:15 AM,17.4
11:10:15 AM,17.1
11:10:15 AM,17.6
11:10:16 AM,18.2
11:10:16 AM,17.1
11:10:16 AM,17.3
11:10:16 AM,17.9
11:10:16 AM,17.5
11:10:16 AM,17.5
11:10:16 AM,17.1
11:10:16 AM,17.8
11:10:16 AM,17.5
11:10:16 AM,16.4
11:10:17 AM,17.1
11:10:17 AM,16.7
11:10:17 AM,16.5
11:10:17 AM,16.4
11:10:17 AM,16.7
11:10:17 AM,16.6
11:10:17 AM,15.9
11:10:17 AM,16.3
11:10:17 AM,16.7
11:10:17 AM,16.3
11:10:18 AM,16.4
11:10:18 AM,16.6
11:10:18 AM,16.2
11:10:18 AM,15.9
11:10:18 AM,16.3
11:10:18 AM,16
11:10:18 AM,15.9
11:10:18 AM,16.2
11:10:18 AM,15.5
11:10:18 AM,16.3
11:10:19 AM,16.5
11:10:19 AM,16.3
11:10:19 AM,15.7
11:10:19 AM,16.1
11:10:19 AM,15.6
11:10:19 AM,16.3
11:10:19 AM,16
11:10:19 AM,16.1
11:10:19 AM,15.9
11:10:19 AM,16.1
11:10:20 AM,16.4
11:10:20 AM,16.3
11:10:20 AM,17.1
11:10:20 AM,16.5
11:10:20 AM,16.5
11:10:20 AM,16.1
11:10:20 AM,15.8
11:10:20 AM,15.9
11:10:20 AM,15.4
11:10:20 AM,15.4
11:10:21 AM,15.5
11:10:21 AM,15.7
11:10:21 AM,15.7
11:10:21 AM,14.7
11:10:21 AM,15.5
11:10:21 AM,15.1
11:10:21 AM,15.5
11:10:21 AM,15.3
11:10:21 AM,15.2
11:10:21 AM,15.6
11:10:22 AM,14.9
11:10:22 AM,14.3
11:10:22 AM,15.4
11:10:22 AM,15.1
11:10:22 AM,15.2
11:10:22 AM,15.2
11:10:22 AM,15.3
11:10:22 AM,14.1
11:10:22 AM,14.3
11:10:22 AM,14.8
11:10:23 AM,14.8
11:10:23 AM,14.9
11:10:23 AM,14.9
11:10:23 AM,15.1
11:10:23 AM,14.3
11:10:23 AM,14.7
11:10:23 AM,14.6
11:10:23 AM,15.9
11:10:23 AM,15.3
11:10:23 AM,15.7
11:10:24 AM,15.2
11:10:24 AM,15.4
11:10:24 AM,15.2
11:10:24 AM,14.7
11:10:24 AM,14.8
11:10:24 AM,15.5
11:10:24 AM,14.5
11:10:24 AM,15.5
11:10:24 AM,14.5
11:10:24 AM,14
11:10:25 AM,14.2
11:10:25 AM,14.2
11:10:25 AM,14
11:10:25 AM,14.8
11:10:25 AM,14.7
11:10:25 AM,14.5
11:10:25 AM,14.9
11:10:25 AM,14
11:10:25 AM,14.5
11:10:25 AM,14.5
11:10:26 AM,14.3
11:10:26 AM,14.2
11:10:26 AM,13.9
11:10:26 AM,14.3
11:10:26 AM,13.7
11:10:26 AM,14
11:10:26 AM,14.3
11:10:26 AM,14
11:10:26 AM,13.4
11:10:26 AM,14.1
11:10:27 AM,14.1
11:10:27 AM,14.1
11:10:27 AM,13.9
11:10:27 AM,14.3
11:10:27 AM,13.9
11:10:27 AM,13.4
11:10:27 AM,13.7
11:10:27 AM,14.3
11:10:27 AM,14.2
11:10:27 AM,14.2
11:10:28 AM,13.6
11:10:28 AM,14.3
11:10:28 AM,14.6
11:10:28 AM,12.9
11:10:28 AM,14.2
11:10:28 AM,14.3
11:10:28 AM,14.3
11:10:28 AM,13.9
11:10:28 AM,13.9
11:10:28 AM,13.9
11:10:29 AM,14.7
11:10:29 AM,13.1
11:10:29 AM,12.9
11:10:29 AM,13.9
11:10:29 AM,13
11:10:29 AM,12.8
11:10:29 AM,13.1
11:10:29 AM,13.2
11:10:29 AM,13.7
11:10:29 AM,13.8
11:10:30 AM,13.4
11:10:30 AM,13.5
11:10:30 AM,12.8
11:10:30 AM,13.5
11:10:30 AM,12.9
11:10:30 AM,13.2
11:10:30 AM,13.2
11:10:30 AM,12.3
11:10:30 AM,13.5
11:10:30 AM,12.2
11:10:31 AM,12.9
11:10:31 AM,12.6
11:10:31 AM,13.5
11:10:31 AM,11.4
11:10:31 AM,13.5
11:10:31 AM,12.5
11:10:31 AM,12.5
11:10:31 AM,12.9
11:10:31 AM,12.4
11:10:31 AM,12.7
11:10:32 AM,13.5
11:10:32 AM,13
11:10:32 AM,13.9
11:10:32 AM,13.7
11:10:32 AM,13.5
11:10:32 AM,12.4
11:10:32 AM,13.4
11:10:32 AM,13.6
11:10:32 AM,13.2
11:10:32 AM,13.4
11:10:33 AM,12.2
11:10:33 AM,12.6
11:10:33 AM,12.4
11:10:33 AM,12.7
11:10:33 AM,12.5
11:10:33 AM,12.5
11:10:33 AM,12.3
11:10:33 AM,12.3
11:10:33 AM,11.8
11:10:33 AM,12.5
11:10:34 AM,13
11:10:34 AM,12.6
11:10:34 AM,11.8
11:10:34 AM,12.9
11:10:34 AM,12.1
11:10:34 AM,12.2
11:10:34 AM,12.1
11:10:34 AM,12.7
11:10:34 AM,12.2
11:10:34 AM,11.5
11:10:35 AM,12.2
11:10:35 AM,12.4
11:10:35 AM,12.3
11:10:35 AM,12.2
11:10:35 AM,11.3
11:10:35 AM,12.2
11:10:35 AM,12.5
11:10:35 AM,11.5
11:10:35 AM,11.9
11:10:35 AM,11.4
11:10:36 AM,12.3
11:10:36 AM,11.9
11:10:36 AM,11.8
11:10:36 AM,12
11:10:36 AM,12.4
11:10:36 AM,11.8
11:10:36 AM,11.9
11:10:36 AM,12.9
11:10:36 AM,12
11:10:36 AM,12.3
11:10:37 AM,11.4
11:10:37 AM,10.9
11:10:37 AM,11.9
11:10:37 AM,12.2
11:10:37 AM,11
11:10:37 AM,11.8
11:10:37 AM,12.2
11:10:37 AM,11.7
11:10:37 AM,11.1
11:10:37 AM,11.8
11:10:38 AM,11.8
11:10:38 AM,11.8
11:10:38 AM,11.5
11:10:38 AM,11.2
11:10:38 AM,11
11:10:38 AM,10.9
11:10:38 AM,11.1
11:10:38 AM,11.8
11:10:38 AM,11.1
11:10:38 AM,11.4
11:10:39 AM,11.7
11:10:39 AM,11.2
11:10:39 AM,11.2
11:10:39 AM,11.4
11:10:39 AM,11.2
11:10:39 AM,11.4
11:10:39 AM,11.4
11:10:39 AM,11.7
11:10:39 AM,11.9
11:10:39 AM,11.8
11:10:40 AM,12.1
11:10:40 AM,11.1
11:10:40 AM,11.3
11:10:40 AM,11.9
11:10:40 AM,11.2
11:10:40 AM,12.2
11:10:40 AM,12.4
11:10:40 AM,11.8
11:10:40 AM,11
11:10:40 AM,11.6
11:10:41 AM,10.8
11:10:41 AM,11.4
11:10:41 AM,11.8
11:10:41 AM,11
11:10:41 AM,11
11:10:41 AM,10.4
11:10:41 AM,10.8
11:10:41 AM,11
11:10:41 AM,10.8
11:10:41 AM,10.6
11:10:42 AM,10.6
11:10:42 AM,11.2
11:10:42 AM,10.2
11:10:42 AM,11
11:10:42 AM,9.6
11:10:42 AM,11
11:10:42 AM,10.2
11:10:42 AM,10.6
11:10:42 AM,10.3
11:10:42 AM,10.9
11:10:43 AM,11.4
11:10:43 AM,10.6
11:10:43 AM,10.7
11:10:43 AM,10.2
11:10:43 AM,9.6
11:10:43 AM,10.4
11:10:43 AM,10.6
11:10:43 AM,9.8
11:10:43 AM,10.6
11:10:43 AM,10.6
11:10:44 AM,10.2
11:10:44 AM,10.5
11:10:44 AM,10.6
11:10:44 AM,10.6
11:10:44 AM,10.3
11:10:44 AM,10.5
11:10:44 AM,10.3
11:10:44 AM,10.9
11:10:44 AM,10.8
11:10:44 AM,10.9
11:10:45 AM,10.1
11:10:45 AM,11.3
11:10:45 AM,10.5
11:10:45 AM,9.3
11:10:45 AM,10.2
11:10:45 AM,9.8
11:10:45 AM,11.2
11:10:45 AM,10.2
11:10:45 AM,9.9
11:10:45 AM,10.2
11:10:46 AM,10.2
11:10:46 AM,10.2
11:10:46 AM,9.9
11:10:46 AM,10.1
11:10:46 AM,10.2
11:10:46 AM,9.6
11:10:46 AM,10.6
11:10:46 AM,9.3
11:10:46 AM,10.1
11:10:46 AM,9.5
11:10:47 AM,10.2
11:10:47 AM,10
11:10:47 AM,9.4
11:10:47 AM,10.5
11:10:47 AM,9.4
11:10:47 AM,9.7
11:10:47 AM,10
11:10:47 AM,10.2
11:10:47 AM,9.9
11:10:47 AM,9.8
11:10:48 AM,10.4
11:10:48 AM,10.2
11:10:48 AM,10.3
11:10:48 AM,10.1
11:10:48 AM,11.3
11:10:48 AM,10.7
11:10:48 AM,10.4
11:10:48 AM,10
11:10:48 AM,9.5
11:10:48 AM,9.3
11:10:49 AM,10.3
11:10:49 AM,10.1
11:10:49 AM,9.8
11:10:49 AM,10.2
11:10:49 AM,10.3
11:10:49 AM,9.5
11:10:49 AM,9.2
11:10:49 AM,9.3
11:10:49 AM,9.3
11:10:49 AM,8.5
11:10:50 AM,9.9
11:10:50 AM,9.9
11:10:50 AM,9.5
11:10:50 AM,8.6
11:10:50 AM,9.3
11:10:50 AM,9.5
11:10:50 AM,9.8
11:10:50 AM,9.3
11:10:50 AM,10.7
11:10:50 AM,9.4
11:10:51 AM,8.9
11:10:51 AM,8.8
11:10:51 AM,8.4
11:10:51 AM,9.5
11:10:51 AM,9.2
11:10:51 AM,8.5
11:10:51 AM,9.7
11:10:51 AM,9
11:10:51 AM,9.3
11:10:51 AM,9
11:10:52 AM,9.7
11:10:52 AM,9.3
11:10:52 AM,9
11:10:52 AM,9.1
11:10:52 AM,10
11:10:52 AM,9.2
11:10:52 AM,9.8
11:10:52 AM,10
11:10:52 AM,9.8
11:10:52 AM,9.8
11:10:53 AM,10.2
11:10:53 AM,10.6
11:10:53 AM,9.3
11:10:53 AM,8.9
11:10:53 AM,9.6
11:10:53 AM,9.8
11:10:53 AM,9.3
11:10:53 AM,9.1
11:10:53 AM,8.9
11:10:53 AM,9.6
11:10:54 AM,9.3
11:10:54 AM,9
11:10:54 AM,9.8
11:10:54 AM,8.6
11:10:54 AM,9.1
11:10:54 AM,8.8
11:10:54 AM,8
11:10:54 AM,7.9
11:10:54 AM,9.1
11:10:54 AM,9.1
11:10:55 AM,9.1
11:10:55 AM,8.9
11:10:55 AM,9.1
11:10:55 AM,8.9
11:10:55 AM,8.3
11:10:55 AM,8.1
11:10:55 AM,9.3
11:10:55 AM,8.1
11:10:55 AM,8.3
11:10:55 AM,8
11:10:56 AM,8.9
11:10:56 AM,8.9
11:10:56 AM,8.6
11:10:56 AM,9
11:10:56 AM,8.7
11:10:56 AM,8.5
11:10:56 AM,9
11:10:56 AM,9.2
11:10:56 AM,8.8
11:10:56 AM,10
11:10:57 AM,8.1
11:10:57 AM,9.4
11:10:57 AM,9.3
11:10:57 AM,9.2
11:10:57 AM,8.5
11:10:57 AM,8.5
11:10:57 AM,8.7
11:10:57 AM,8.4
11:10:57 AM,8.4
11:10:57 AM,8.3
11:10:58 AM,9.1
11:10:58 AM,8.4
11:10:58 AM,8.4
11:10:58 AM,8.2
11:10:58 AM,8.9
11:10:58 AM,8.6
11:10:58 AM,7.8
11:10:58 AM,8
11:10:58 AM,8.7
11:10:58 AM,8.5
11:10:59 AM,8.8
11:10:59 AM,8.6
11:10:59 AM,9
11:10:59 AM,8.2
11:10:59 AM,9.1
11:10:59 AM,8.3
11:10:59 AM,8.5
11:10:59 AM,8.8
11:10:59 AM,8.2
11:10:59 AM,8
11:11:00 AM,8.4
11:11:00 AM,7.7
11:11:00 AM,8.7
11:11:00 AM,8.6
11:11:00 AM,7.7
11:11:00 AM,8
11:11:00 AM,8.7
11:11:00 AM,8.4
11:11:00 AM,8.4
11:11:00 AM,8.4
11:11:01 AM,8.3
11:11:01 AM,8
11:11:01 AM,8.5
11:11:01 AM,9.1
11:11:01 AM,7.6
11:11:01 AM,8
11:11:01 AM,8.2
11:11:01 AM,8.1
11:11:01 AM,7.6
11:11:01 AM,8.6
11:11:02 AM,8.2
11:11:02 AM,6.7
11:11:02 AM,7.3
11:11:02 AM,8
11:11:02 AM,8.5
11:11:02 AM,8.7
11:11:02 AM,7.6
11:11:02 AM,8.1
11:11:02 AM,7.7
11:11:02 AM,7.3
11:11:03 AM,6.8
11:11:03 AM,7.6
11:11:03 AM,7.3
11:11:03 AM,8.1
11:11:03 AM,7.4
11:11:03 AM,7.5
11:11:03 AM,7.5
11:11:03 AM,8.1
11:11:03 AM,8.9
11:11:03 AM,7.1
11:11:04 AM,6.9
11:11:04 AM,8
11:11:04 AM,7.7
11:11:04 AM,7.7
11:11:04 AM,7.7
11:11:04 AM,8.2
11:11:04 AM,8
11:11:04 AM,8.9
11:11:04 AM,7.5
11:11:04 AM,7
11:11:05 AM,7.1
11:11:05 AM,7.9
11:11:05 AM,8.9
11:11:05 AM,8.9
11:11:05 AM,8.3
11:11:05 AM,8.2
11:11:05 AM,7.2
11:11:05 AM,8.4
11:11:05 AM,7.1
11:11:05 AM,7.4
11:11:06 AM,7.8
11:11:06 AM,7.7
11:11:06 AM,7.9
11:11:06 AM,7.4
11:11:06 AM,7.8
11:11:06 AM,8.1
11:11:06 AM,7
11:11:06 AM,7.5
11:11:06 AM,8.1
11:11:06 AM,8.5
11:11:07 AM,6.9
11:11:07 AM,7.3
11:11:07 AM,7.1
11:11:07 AM,8
11:11:07 AM,7.4
11:11:07 AM,7.6
11:11:07 AM,6.7
11:11:07 AM,7.2
11:11:07 AM,7.5
11:11:07 AM,7.3
11:11:08 AM,6.9
11:11:08 AM,7.2
11:11:08 AM,7.7
11:11:08 AM,7.3
11:11:08 AM,6.9
11:11:08 AM,7.3
11:11:08 AM,7.9
11:11:08 AM,7.1
11:11:08 AM,7.1
11:11:08 AM,7.9
11:11:09 AM,7.3
11:11:09 AM,8.3
11:11:09 AM,8.1
11:11:09 AM,7.8
11:11:09 AM,6.9
11:11:09 AM,7.7
11:11:09 AM,7.5
11:11:09 AM,7
11:11:09 AM,6.9
11:11:09 AM,8.1
11:11:10 AM,7.3
11:11:10 AM,7.2
11:11:10 AM,6.4
11:11:10 AM,6.4
11:11:10 AM,7.1
11:11:10 AM,6.8
11:11:10 AM,7.5
11:11:10 AM,7.3
11:11:10 AM,6.8
11:11:10 AM,6.1
11:11:11 AM,6.5
11:11:11 AM,7.6
11:11:11 AM,6.1
11:11:11 AM,6.8
11:11:11 AM,6.9
11:11:11 AM,6.5
11:11:11 AM,6.7
11:11:11 AM,6.4
11:11:11 AM,6.4
11:11:11 AM,7.4
11:11:12 AM,7.2
11:11:12 AM,7.3
11:11:12 AM,6.7
11:11:12 AM,6.7
11:11:12 AM,6.7
11:11:12 AM,6.6
11:11:12 AM,6.8
11:11:12 AM,6.5
11:11:12 AM,7.3
11:11:12 AM,6
11:11:13 AM,7.3
11:11:13 AM,6.9
11:11:13 AM,7.8
11:11:13 AM,7
11:11:13 AM,7.4
11:11:13 AM,7.1
11:11:13 AM,7.7
11:11:13 AM,7.4
11:11:13 AM,7.2
11:11:13 AM,7.7
11:11:14 AM,7.5
11:11:14 AM,6
11:11:14 AM,7.3
11:11:14 AM,6.4
11:11:14 AM,6.4
11:11:14 AM,6.5
11:11:14 AM,6.9
11:11:14 AM,6.5
11:11:14 AM,5.7
11:11:14 AM,6.9
11:11:15 AM,6.5
11:11:15 AM,6.1
11:11:15 AM,7.3
11:11:15 AM,6.8
11:11:15 AM,5.6
11:11:15 AM,5.5
11:11:15 AM,7.1
11:11:15 AM,6.8
11:11:15 AM,7.3
11:11:15 AM,7.2
11:11:16 AM,7.2
11:11:16 AM,6
11:11:16 AM,6
11:11:16 AM,6.3
11:11:16 AM,6.9
11:11:16 AM,6.5
11:11:16 AM,6.2
11:11:16 AM,6.4
11:11:16 AM,6.6
11:11:16 AM,6.3
11:11:17 AM,7.1
11:11:17 AM,6.9
11:11:17 AM,6.4
11:11:17 AM,6.4
11:11:17 AM,7
11:11:17 AM,7.3
11:11:17 AM,7.3
11:11:17 AM,6.8
11:11:17 AM,7.6
11:11:17 AM,6.4
11:11:18 AM,7.2
11:11:18 AM,6.6
11:11:18 AM,7
11:11:18 AM,6
11:11:18 AM,6.6
11:11:18 AM,5.9
11:11:18 AM,6.4
11:11:18 AM,6.8
11:11:18 AM,6.4
11:11:18 AM,6
11:11:19 AM,6.6
11:11:19 AM,5.8
11:11:19 AM,5.5
11:11:19 AM,6.5
11:11:19 AM,6.5
11:11:19 AM,6
11:11:19 AM,5.3
11:11:19 AM,6.4
11:11:19 AM,6.4
11:11:19 AM,6.6
11:11:20 AM,7
11:11:20 AM,5.9
11:11:20 AM,6.9
11:11:20 AM,6
11:11:20 AM,5.5
11:11:20 AM,6.1
11:11:20 AM,5.2
11:11:20 AM,6
11:11:20 AM,6
11:11:20 AM,6
11:11:21 AM,6.7
11:11:21 AM,6.4
11:11:21 AM,6.2
11:11:21 AM,6.4
11:11:21 AM,6.9
11:11:21 AM,6.3
11:11:21 AM,7.3
11:11:21 AM,6.6
11:11:21 AM,6.3
11:11:21 AM,6.2
11:11:22 AM,6.2
11:11:22 AM,6.6
11:11:22 AM,6
11:11:22 AM,6.2
11:11:22 AM,6
11:11:22 AM,5.6
11:11:22 AM,5.1
11:11:22 AM,5.8
11:11:22 AM,6
11:11:22 AM,6
11:11:23 AM,6
11:11:23 AM,6.2
11:11:23 AM,6
11:11:23 AM,5.9
11:11:23 AM,6.8
11:11:23 AM,5.7
11:11:23 AM,6
11:11:23 AM,6
11:11:23 AM,5.5
11:11:23 AM,5.9
11:11:24 AM,5.8
11:11:24 AM,6.7
11:11:24 AM,5.1
11:11:24 AM,5.8
11:11:24 AM,6
11:11:24 AM,5.9
11:11:24 AM,5.8
11:11:24 AM,5.2
11:11:24 AM,5.2
11:11:24 AM,6.4
11:11:25 AM,5.7
11:11:25 AM,5.7
11:11:25 AM,5.9
11:11:25 AM,7.7
11:11:25 AM,6.3
11:11:25 AM,6.7
11:11:25 AM,6.5
11:11:25 AM,6.6
11:11:25 AM,5.8
11:11:25 AM,5.4
11:11:26 AM,6
11:11:26 AM,6.6
11:11:26 AM,6.6
11:11:26 AM,5.9
11:11:26 AM,5.3
11:11:26 AM,5.1
11:11:26 AM,5.7
11:11:26 AM,6
11:11:26 AM,5.3
11:11:26 AM,4.9
11:11:27 AM,6.3
11:11:27 AM,5.1
11:11:27 AM,4.6
11:11:27 AM,5.7
11:11:27 AM,5.8
11:11:27 AM,5.6
11:11:27 AM,5.6
11:11:27 AM,5
11:11:27 AM,6.6
11:11:27 AM,5.9
11:11:28 AM,4.8
11:11:28 AM,6
11:11:28 AM,4.6
11:11:28 AM,5.8
11:11:28 AM,5.2
11:11:28 AM,4.8
11:11:28 AM,5.3
11:11:28 AM,5.1
11:11:28 AM,5.9
11:11:28 AM,6
11:11:29 AM,5.8
11:11:29 AM,6.7
11:11:29 AM,5.7
11:11:29 AM,6
11:11:29 AM,5.3
11:11:29 AM,6.4
11:11:29 AM,5.7
11:11:29 AM,6.9
11:11:29 AM,5.8
11:11:29 AM,6.3
11:11:30 AM,6
11:11:30 AM,6.2
11:11:30 AM,5.5
11:11:30 AM,5.7
11:11:30 AM,5
11:11:30 AM,5.6
11:11:30 AM,5
11:11:30 AM,4.8
11:11:30 AM,5.6
11:11:30 AM,4.9
11:11:31 AM,5.2
11:11:31 AM,5.6
11:11:31 AM,4.8
11:11:31 AM,5.9
11:11:31 AM,6.5
11:11:31 AM,5.8
11:11:31 AM,5.3
11:11:31 AM,5.8
11:11:31 AM,4.9
11:11:31 AM,5.4
11:11:32 AM,5
11:11:32 AM,4.7
11:11:32 AM,5.7
11:11:32 AM,5.2
11:11:32 AM,5.7
11:11:32 AM,4.8
11:11:32 AM,5
11:11:32 AM,4
11:11:32 AM,5.5
11:11:32 AM,5.6
11:11:33 AM,4.8
11:11:33 AM,5.7
11:11:33 AM,6
11:11:33 AM,5.2
11:11:33 AM,5.6
11:11:33 AM,5.2
11:11:33 AM,5.4
11:11:33 AM,5
11:11:33 AM,5.2
11:11:33 AM,5.5
11:11:34 AM,5.7
11:11:34 AM,5.6
11:11:34 AM,5.6
11:11:34 AM,5.6
11:11:34 AM,5.5
11:11:34 AM,5.6
11:11:34 AM,4.8
11:11:34 AM,5.2
11:11:34 AM,6
11:11:34 AM,4.5
11:11:35 AM,4.4
11:11:35 AM,5.2
11:11:35 AM,5.2
11:11:35 AM,4.5
11:11:35 AM,4.5
11:11:35 AM,5.4
11:11:35 AM,5.2
11:11:35 AM,4.6
11:11:35 AM,5.1
11:11:35 AM,6
11:11:36 AM,4.9
11:11:36 AM,5
11:11:36 AM,4.8
11:11:36 AM,5.2
11:11:36 AM,5.6
11:11:36 AM,4.6
11:11:36 AM,5.1
11:11:36 AM,4.8
11:11:36 AM,4.4
11:11:36 AM,3.9
11:11:37 AM,5.2
11:11:37 AM,4.2
11:11:37 AM,4.8
11:11:37 AM,4.8
11:11:37 AM,4.7
11:11:37 AM,5.5
11:11:37 AM,5.3
11:11:37 AM,5.7
11:11:37 AM,5.6
11:11:37 AM,6
11:11:38 AM,5.8
11:11:38 AM,4.4
11:11:38 AM,5.2
11:11:38 AM,5.5
11:11:38 AM,6
11:11:38 AM,4.8
11:11:38 AM,4.4
11:11:38 AM,5.2
11:11:38 AM,4.8
11:11:38 AM,4.5
11:11:39 AM,5.1
11:11:39 AM,4.8
11:11:39 AM,4.2
11:11:39 AM,4.5
11:11:39 AM,4.5
11:11:39 AM,5.1
11:11:39 AM,4.4
11:11:39 AM,5
11:11:39 AM,5.4
11:11:39 AM,4.3
11:11:40 AM,5.3
11:11:40 AM,4.4
11:11:40 AM,4.3
11:11:40 AM,4.1
11:11:40 AM,4.5
11:11:40 AM,4.6
11:11:40 AM,4.6
11:11:40 AM,4.4
11:11:40 AM,4.8
11:11:40 AM,5.2
11:11:41 AM,4.8
11:11:41 AM,4.4
11:11:41 AM,4.9
11:11:41 AM,5
11:11:41 AM,4.7
11:11:41 AM,5.1
11:11:41 AM,4.4
11:11:41 AM,4.9
11:11:41 AM,4.5
11:11:41 AM,5.2
11:11:42 AM,6.2
11:11:42 AM,4.7
11:11:42 AM,5.4
11:11:42 AM,4.5
11:11:42 AM,5.4
11:11:42 AM,5
11:11:42 AM,4.8
11:11:42 AM,5
11:11:42 AM,5.4
11:11:42 AM,4.6
11:11:43 AM,5.3
11:11:43 AM,4.6
11:11:43 AM,4.8
11:11:43 AM,5.3
11:11:43 AM,3.7
11:11:43 AM,5
11:11:43 AM,3.8
11:11:43 AM,3.4
11:11:43 AM,4.5
11:11:43 AM,4.6
11:11:44 AM,3.9
11:11:44 AM,4.7
11:11:44 AM,4.1
11:11:44 AM,4.9
11:11:44 AM,4.5
11:11:44 AM,4.6
11:11:44 AM,3.5
11:11:44 AM,3.9
11:11:44 AM,4.5
11:11:44 AM,4.3
11:11:45 AM,4.6
11:11:45 AM,5
11:11:45 AM,3.7
11:11:45 AM,4.6
11:11:45 AM,4.6
11:11:45 AM,5.2
11:11:45 AM,4.6
11:11:45 AM,5
11:11:45 AM,5
11:11:45 AM,4.9
11:11:46 AM,6
11:11:46 AM,5.7
11:11:46 AM,5.6
11:11:46 AM,4.5
11:11:46 AM,4.6
11:11:46 AM,4.4
11:11:46 AM,4.9
11:11:46 AM,4.5
11:11:46 AM,4.4
11:11:46 AM,5.2
11:11:47 AM,4.6
11:11:47 AM,5.3
11:11:47 AM,5.2
11:11:47 AM,4.8
11:11:47 AM,4.8
11:11:47 AM,3.9
11:11:47 AM,5
11:11:47 AM,4.7
11:11:47 AM,4.1
11:11:47 AM,4.2
11:11:48 AM,4.3
11:11:48 AM,4.2
11:11:48 AM,3.4
11:11:48 AM,4.8
11:11:48 AM,3.9
11:11:48 AM,4.9
11:11:48 AM,4.7
11:11:48 AM,4.8
11:11:48 AM,3.9
11:11:48 AM,4.4
11:11:49 AM,4
11:11:49 AM,3.9
11:11:49 AM,3.2
11:11:49 AM,4.6
11:11:49 AM,4.4
11:11:49 AM,4.8
11:11:49 AM,4.9
11:11:49 AM,4
11:11:49 AM,5
11:11:49 AM,4.4
11:11:50 AM,5.7
11:11:50 AM,5.6
11:11:50 AM,4.4
11:11:50 AM,4.5
11:11:50 AM,4.8
11:11:50 AM,4.4
11:11:50 AM,4.4
11:11:50 AM,4.7
11:11:50 AM,5.1
11:11:50 AM,4.2
11:11:51 AM,4.7
11:11:51 AM,4.8
11:11:51 AM,4
11:11:51 AM,4.4
11:11:51 AM,4.2
11:11:51 AM,4.2
11:11:51 AM,4.6
11:11:51 AM,4.4
11:11:51 AM,4.5
11:11:51 AM,4.2
11:11:52 AM,4.5
11:11:52 AM,3.9
11:11:52 AM,4
11:11:52 AM,3.4
11:11:52 AM,3.8
11:11:52 AM,4.4
11:11:52 AM,3.9
11:11:52 AM,4.5
11:11:52 AM,4.2
11:11:52 AM,4.2
11:11:53 AM,6
11:11:53 AM,4.9
11:11:53 AM,3.5
11:11:53 AM,3.9
11:11:53 AM,4.1
11:11:53 AM,4.1
11:11:53 AM,4
11:11:53 AM,4.4
11:11:53 AM,4.1
11:11:53 AM,5.6
11:11:54 AM,4.6
11:11:54 AM,4.4
11:11:54 AM,4.4
11:11:54 AM,4.3
11:11:54 AM,4.8
11:11:54 AM,5.2
11:11:54 AM,3.9
11:11:54 AM,4.5
11:11:54 AM,4.5
11:11:54 AM,5
11:11:55 AM,3.2
11:11:55 AM,3.8
11:11:55 AM,3.1
11:11:55 AM,4.2
11:11:55 AM,4.4
11:11:55 AM,2.7
11:11:55 AM,4.5
11:11:55 AM,4.4
11:11:55 AM,4.6
11:11:55 AM,3.6
11:11:56 AM,3.9
11:11:56 AM,4
11:11:56 AM,4.5
11:11:56 AM,4
11:11:56 AM,3.9
11:11:56 AM,3.9
11:11:56 AM,3.9
11:11:56 AM,4.4
11:11:56 AM,3.3
11:11:56 AM,3.8
11:11:57 AM,3.7
11:11:57 AM,3.1
11:11:57 AM,3.9
11:11:57 AM,3
11:11:57 AM,3.9
11:11:57 AM,4.4
11:11:57 AM,3.8
11:11:57 AM,3.8
11:11:57 AM,3.5
11:11:57 AM,4.7
11:11:58 AM,4.8
11:11:58 AM,4
11:11:58 AM,4.9
11:11:58 AM,4.8
11:11:58 AM,4.6
11:11:58 AM,4.5
11:11:58 AM,4.8
11:11:58 AM,4.5
11:11:58 AM,4.4
11:11:58 AM,3.5
11:11:59 AM,4.4
11:11:59 AM,3.9
11:11:59 AM,4
11:11:59 AM,3.8
11:11:59 AM,3.3
11:11:59 AM,4.4
11:11:59 AM,2.5
11:11:59 AM,3.7
11:11:59 AM,3.5
11:11:59 AM,3.7
11:12:00 AM,3.5
11:12:00 AM,5.1
11:12:00 AM,4.4
11:12:00 AM,4.3
11:12:00 AM,3.7
11:12:00 AM,4.1
11:12:00 AM,3.7
11:12:00 AM,3.6
11:12:00 AM,4
11:12:00 AM,3.4
11:12:01 AM,4.1
11:12:01 AM,3.4
11:12:01 AM,4.3
11:12:01 AM,3.3
11:12:01 AM,3.4
11:12:01 AM,3.3
11:12:01 AM,3.6
11:12:01 AM,4.5
11:12:01 AM,3.7
11:12:01 AM,3.6
11:12:02 AM,3.4
11:12:02 AM,3.9
11:12:02 AM,4.3
11:12:02 AM,3.9
11:12:02 AM,4.7
11:12:02 AM,3.4
11:12:02 AM,5
11:12:02 AM,4.6
11:12:02 AM,4.5
11:12:02 AM,3.1
11:12:03 AM,3.3
11:12:03 AM,4.4
11:12:03 AM,3.5
11:12:03 AM,3.1
11:12:03 AM,3.9
11:12:03 AM,3.5
11:12:03 AM,3.9
11:12:03 AM,3.4
11:12:03 AM,3.9
11:12:03 AM,4.2
11:12:04 AM,3.9
11:12:04 AM,3.5
11:12:04 AM,3.3
11:12:04 AM,3.2
11:12:04 AM,3.7
11:12:04 AM,3.7
11:12:04 AM,3.9
11:12:04 AM,2.3
11:12:04 AM,3.1
11:12:04 AM,3.5
11:12:05 AM,3.9
11:12:05 AM,4.1
11:12:05 AM,3.5
11:12:05 AM,3.5
11:12:05 AM,2.3
11:12:05 AM,4.2
11:12:05 AM,2.7
11:12:05 AM,3.5
11:12:05 AM,3.8
11:12:05 AM,4
11:12:06 AM,3.4
11:12:06 AM,3.8
11:12:06 AM,3.6
11:12:06 AM,3.6
11:12:06 AM,4.8
11:12:06 AM,4.5
11:12:06 AM,4.2
11:12:06 AM,4.2
11:12:06 AM,4.4
11:12:06 AM,4.6
11:12:07 AM,3.2
11:12:07 AM,4.1
11:12:07 AM,3.9
11:12:07 AM,3.1
11:12:07 AM,3.1
11:12:07 AM,3.3
11:12:07 AM,4
11:12:07 AM,4.1
11:12:07 AM,3.2
11:12:07 AM,3.6
11:12:08 AM,3.3
11:12:08 AM,3.8
11:12:08 AM,2.6
11:12:08 AM,3.5
11:12:08 AM,3
11:12:08 AM,3.8
11:12:08 AM,3
11:12:08 AM,3.2
11:12:08 AM,3.1
11:12:08 AM,3.2
11:12:09 AM,4.5
11:12:09 AM,3.4
11:12:09 AM,3
11:12:09 AM,3.5
11:12:09 AM,3.2
11:12:09 AM,3.6
11:12:09 AM,2.7
11:12:09 AM,2.9
11:12:09 AM,3.1
11:12:09 AM,4.3
11:12:10 AM,3.9
11:12:10 AM,3.3
11:12:10 AM,3.3
11:12:10 AM,4.5
11:12:10 AM,3.6
11:12:10 AM,3.3
11:12:10 AM,3.7
11:12:10 AM,4.4
11:12:10 AM,4.3
11:12:10 AM,3.7
11:12:11 AM,3.3
11:12:11 AM,3.6
11:12:11 AM,3.7
11:12:11 AM,3.7
11:12:11 AM,4.4
11:12:11 AM,3.2
11:12:11 AM,3.1
11:12:11 AM,3.2
11:12:11 AM,3.1
11:12:11 AM,3
11:12:12 AM,3.9
11:12:12 AM,3.3
11:12:12 AM,1.9
11:12:12 AM,3.5
11:12:12 AM,2.7
11:12:12 AM,2.5
11:12:12 AM,3.4
11:12:12 AM,3.5
11:12:12 AM,3.6
11:12:12 AM,3.6
11:12:13 AM,3
11:12:13 AM,2.9
11:12:13 AM,3.4
11:12:13 AM,2.9
11:12:13 AM,2.3
11:12:13 AM,3.3
11:12:13 AM,3.8
11:12:13 AM,2.9
11:12:13 AM,2.7
11:12:13 AM,2.7
11:12:14 AM,2.7
11:12:14 AM,3.5
11:12:14 AM,3
11:12:14 AM,3.2
11:12:14 AM,3.9
11:12:14 AM,4.2
11:12:14 AM,3.2
11:12:14 AM,3.1
11:12:14 AM,4.2
11:12:14 AM,3.9
11:12:15 AM,3.5
11:12:15 AM,3
11:12:15 AM,3.8
11:12:15 AM,3.2
11:12:15 AM,3.5
11:12:15 AM,4.1
11:12:15 AM,2.8
11:12:15 AM,3.1
11:12:15 AM,3.6
11:12:15 AM,3.3
11:12:16 AM,2.7
11:12:16 AM,3.5
